Category Name,SubCategory Name,Code Name,Interested
,,,
active,ATV Rentals/Tours,atvrentals,1
active,Airsoft,airsoft,1
active,Amateur Sports Teams,amateursportsteams,1
active,Amusement Parks,amusementparks,1
active,Aquariums,aquariums,1
active,Archery,archery,1
active,Axe Throwing,axethrowing,1
active,Badminton,badminton,1
active,Baseball Fields,baseballfields,1
active,Basketball Courts,basketballcourts,1
active,Bathing Area,bathing_area,1
active,Batting Cages,battingcages,1
active,Beach Equipment Rentals,beachequipmentrental,1
active,Beach Volleyball,beachvolleyball,1
active,Beaches,beaches,1
active,Bicycle Paths,bicyclepaths,1
active,Bike Parking,bikeparking,1
active,Bike Rentals,bikerentals,1
active,Boating,boating,1
active,Bobsledding,bobsledding,1
active,Bocce Ball,bocceball,1
active,Bowling,bowling,1
active,Bubble Soccer,bubblesoccer,1
active,Bungee Jumping,bungeejumping,1
active,Canyoneering,canyoneering,1
active,Carousels,carousels,1
active,Challenge Courses,challengecourses,1
active,Climbing,climbing,1
active,Cycling Classes,cyclingclasses,1
active,Dart Arenas,dartarenas,1
active,Day Camps,daycamps,1
active,Disc Golf,discgolf,1
active,Diving,diving,1
active,Free Diving,freediving,1
active,Scuba Diving,scuba,1
active,Escape Games,escapegames,1
active,Experiences,experiences,1
active,Fencing Clubs,fencing,1
active,Fishing,fishing,1
active,Fitness & Instruction,fitness,1
active,Aerial Fitness,aerialfitness,1
active,Barre Classes,barreclasses,1
active,Boot Camps,bootcamps,1
active,Boxing,boxing,1
active,Cardio Classes,cardioclasses,1
active,Dance Studios,dancestudio,1
active,EMS Training,emstraining,1
active,Golf Lessons,golflessons,1
active,Gyms,gyms,1
active,Circuit Training Gyms,circuittraininggyms,1
active,Interval Training Gyms,intervaltraininggyms,1
active,Martial Arts,martialarts,1
active,Brazilian Jiu-jitsu,brazilianjiujitsu,1
active,Chinese Martial Arts,chinesemartialarts,1
active,Karate,karate,1
active,Kickboxing,kickboxing,1
active,Muay Thai,muaythai,1
active,Taekwondo,taekwondo,1
active,Meditation Centers,meditationcenters,1
active,Pilates,pilates,1
active,Qi Gong,qigong,1
active,Self-defense Classes,selfdefenseclasses,1
active,Swimming Lessons/Schools,swimminglessons,1
active,Tai Chi,taichi,1
active,Trainers,healthtrainers,1
active,Yoga,yoga,1
active,Flyboarding,flyboarding,1
active,Gliding,gliding,1
active,Go Karts,gokarts,1
active,Golf,golf,1
active,Gun/Rifle Ranges,gun_ranges,1
active,Gymnastics,gymnastics,1
active,Handball,handball,1
active,Hang Gliding,hanggliding,1
active,Hiking,hiking,1
active,Horse Racing,horseracing,1
active,Horseback Riding,horsebackriding,1
active,Hot Air Balloons,hot_air_balloons,1
active,Indoor Playcentre,indoor_playcenter,1
active,Jet Skis,jetskis,1
active,Kids Activities,kids_activities,1
active,Kiteboarding,kiteboarding,1
active,Lakes,lakes,1
active,Laser Tag,lasertag,1
active,Lawn Bowling,lawn_bowling,1
active,Mini Golf,mini_golf,1
active,Mountain Biking,mountainbiking,1
active,Nudist,nudist,1
active,Paddleboarding,paddleboarding,1
active,Paintball,paintball,1
active,Paragliding,paragliding,1
active,Parasailing,parasailing,1
active,Parks,parks,1
active,Dog Parks,dog_parks,1
active,Skate Parks,skate_parks,1
active,Pickleball,pickleball,1
active,Playgrounds,playgrounds,1
active,Public Plazas,publicplazas,1
active,Races & Competitions,races,1
active,Racing Experience,racingexperience,1
active,Rafting/Kayaking,rafting,1
active,Recreation Centers,recreation,1
active,Rock Climbing,rock_climbing,1
active,Sailing,sailing,1
active,Scavenger Hunts,scavengerhunts,1
active,Scooter Rentals,scooterrentals,1
active,Senior Centers,seniorcenters,1
active,Skating Rinks,skatingrinks,1
active,Skiing,skiing,1
active,Skydiving,skydiving,1
active,Sledding,sledding,1
active,Snorkeling,snorkeling,1
active,Soccer,football,1
active,Sport Equipment Hire,sport_equipment_hire,1
active,Sports Clubs,sports_clubs,1
active,Squash,squash,1
active,Summer Camps,summer_camps,1
active,Surf Lifesaving,surflifesaving,1
active,Surfing,surfing,1
active,Swimming Pools,swimmingpools,1
active,Tennis,tennis,1
active,Trampoline Parks,trampoline,1
active,Tubing,tubing,1
active,Volleyball,volleyball,1
active,Water Parks,waterparks,1
active,Wildlife Hunting Ranges,wildlifehunting,1
active,Ziplining,zipline,1
active,Zoos,zoos,1
active,Petting Zoos,pettingzoos,1
active,Zorbing,zorbing,1
,,,
arts,Arcades,arcades,1
arts,Art Galleries,galleries,1
arts,Betting Centers,bettingcenters,1
arts,Bingo Halls,bingo,1
arts,Botanical Gardens,gardens,1
arts,Cabaret,cabaret,1
arts,Casinos,casinos,1
arts,Castles,castles,1
arts,Choirs,choirs,1
arts,Cinema,movietheaters,1
arts,Drive-In Theater,driveintheater,1
arts,Outdoor Movies,outdoormovies,1
arts,Country Clubs,countryclubs,1
arts,Cultural Center,culturalcenter,1
arts,Eatertainment,eatertainment,1
arts,Farms,farms,1
arts,Attraction Farms,attractionfarms,1
arts,Pick Your Own Farms,pickyourown,1
arts,Ranches,ranches,1
arts,Festivals,festivals,1
arts,Christmas Markets,xmasmarkets,1
arts,Fun Fair,funfair,1
arts,General Festivals,generalfestivals,1
arts,Trade Fairs,tradefairs,1
arts,Haunted Houses,hauntedhouses,1
arts,Jazz & Blues,jazzandblues,1
arts,LAN Centers,lancenters,1
arts,Mah Jong Halls,mahjong,1
arts,Makerspaces,makerspaces,1
arts,Marching Bands,marchingbands,1
arts,Museums,museums,1
arts,Art Museums,artmuseums,1
arts,Children's Museums,childrensmuseums,1
arts,Music Venues,musicvenues,1
arts,Observatories,observatories,1
arts,Opera & Ballet,opera,1
arts,Pachinko,pachinko,1
arts,Paint & Sip,paintandsip,1
arts,Performing Arts,theater,1
arts,Planetarium,planetarium,1
arts,Professional Sports Teams,sportsteams,1
arts,Race Tracks,racetracks,1
arts,Rodeo,rodeo,1
arts,Social Clubs,social_clubs,1
arts,Veterans Organizations,veteransorganizations,1
arts,Sports Betting,sportsbetting,1
arts,Stadiums & Arenas,stadiumsarenas,1
arts,Street Art,streetart,1
arts,Studio Taping,studiotaping,1
arts,Supernatural Readings,psychic_astrology,1
arts,Astrologers,astrologers,1
arts,Mystics,mystics,1
arts,Psychic Mediums,psychicmediums,1
arts,Psychics,psychics,1
arts,Tablao Flamenco,tablaoflamenco,1
arts,Ticket Sales,ticketsales,1
arts,Virtual Reality Centers,virtualrealitycenters,1
arts,Wineries,wineries,1
arts,Wine Tasting Room,winetastingroom,1
,,,
auto,Aircraft Dealers,aircraftdealers,
auto,Aircraft Repairs,aircraftrepairs,
auto,Auto Customization,autocustomization,
auto,Auto Detailing,auto_detailing,
auto,Auto Electric Services,autoelectric,
auto,Auto Glass Services,autoglass,
auto,Car Window Tinting,carwindowtinting,
auto,Auto Loan Providers,autoloanproviders,
auto,Auto Parts & Supplies,autopartssupplies,
auto,Motorcycle Parts & Supplies,motorcyclepartsandsupplies,
auto,Auto Repair,autorepair,
auto,DIY Auto Shop,diyautoshop,
auto,Auto Security,autosecurity,
auto,Auto Upholstery,autoupholstery,
auto,Aviation Services,aviationservices,
auto,Boat Dealers,boatdealers,
auto,Boat Parts & Supplies,boatpartsandsupplies,
auto,Body Shops,bodyshops,
auto,Car Auctions,carauctions,
auto,Car Brokers,carbrokers,
auto,Car Buyers,carbuyers,1
auto,Car Dealers,car_dealers,1
auto,Car Inspectors,autodamageassessment,
auto,Car Share Services,carshares,1
auto,Car Stereo Installation,stereo_installation,
auto,Car Wash,carwash,1
auto,Commercial Truck Dealers,truckdealers,
auto,Commercial Truck Repair,truckrepair,
auto,EV Charging Stations,evchargingstations,
auto,Fuel Docks,fueldocks,
auto,Gas Stations,servicestations,1
auto,Golf Cart Dealers,golfcartdealers,
auto,Hybrid Car Repair,hybridcarrepair,
auto,Interlock Systems,interlocksystems,
auto,Marinas,marinas,
auto,Mobile Dent Repair,mobiledentrepair,1
auto,Mobility Equipment Sales & Services,mobilityequipment,1
auto,Motorcycle Dealers,motorcycledealers,1
auto,Motorcycle Repair,motorcyclerepair,1
auto,Motorsport Vehicle Dealers,motodealers,
auto,Motorsport Vehicle Repairs,motorepairs,
auto,Oil Change Stations,oilchange,
auto,Parking,parking,1
auto,RV Dealers,rv_dealers,
auto,RV Repair,rvrepair,
auto,Registration Services,registrationservices,
auto,Roadside Assistance,roadsideassist,
auto,Service Stations,service_stations,
auto,Smog Check Stations,smog_check_stations,
auto,Tires,tires,
auto,Towing,towing,
auto,Trailer Dealers,trailerdealers,
auto,Trailer Rental,trailerrental,
auto,Trailer Repair,trailerrepair,
auto,Transmission Repair,transmissionrepair,
auto,Truck Rental,truck_rental,
auto,Used Car Dealers,usedcardealers,
auto,Vehicle Shipping,vehicleshipping,
auto,Vehicle Wraps,vehiclewraps,
auto,Wheel & Rim Repair,wheelrimrepair,
auto,Windshield Installation & Repair,windshieldinstallrepair,
,,,
beautysvc,Acne Treatment,acnetreatment,1
beautysvc,Barbers,barbers,1
beautysvc,Cosmetics & Beauty Supply,cosmetics,1
beautysvc,Day Spas,spas,1
beautysvc,Erotic Massage,eroticmassage,
beautysvc,Eyebrow Services,eyebrowservices,1
beautysvc,Eyelash Service,eyelashservice,1
beautysvc,Foot Care,footcare,1
beautysvc,Hair Extensions,hair_extensions,1
beautysvc,Hair Loss Centers,hairloss,1
beautysvc,Hair Removal,hairremoval,1
beautysvc,Laser Hair Removal,laser_hair_removal,1
beautysvc,Sugaring,sugaring,
beautysvc,Threading Services,threadingservices,
beautysvc,Waxing,waxing,1
beautysvc,Hair Salons,hair,1
beautysvc,Blow Dry/Out Services,blowoutservices,1
beautysvc,Hair Extensions,hair_extensions,1
beautysvc,Hair Stylists,hairstylists,1
beautysvc,Kids Hair Salons,kidshairsalons,1
beautysvc,Men's Hair Salons,menshair,1
beautysvc,Hot Springs,hotsprings,
beautysvc,Makeup Artists,makeupartists,1
beautysvc,Massage,massage,1
beautysvc,Medical Spas,medicalspa,1
beautysvc,Aestheticians,aestheticians,
beautysvc,Nail Salons,othersalons,1
beautysvc,Nail Technicians,nailtechnicians,
beautysvc,Perfume,perfume,1
beautysvc,Permanent Makeup,permanentmakeup,1
beautysvc,Piercing,piercing,1
beautysvc,Skin Care,skincare,1
beautysvc,Estheticians,estheticians,
beautysvc,Tanning,tanning,1
beautysvc,Spray Tanning,spraytanning,1
beautysvc,Tanning Beds,tanningbeds,
beautysvc,Tattoo,tattoo,1
beautysvc,Teeth Whitening,teethwhitening,
,,,
bicycles,Bike Associations,bikeassociations,
bicycles,Bike Repair,bikerepair,1
bicycles,Bike Shop,bikeshop,1
bicycles,Special Bikes,specialbikes,
,,,
education,Adult Education,adultedu,
education,Art Classes,artclasses,1
education,Glass Blowing,glassblowing,1
education,College Counseling,collegecounseling,
education,Colleges & Universities,collegeuniv,1
education,Educational Services,educationservices,
education,Elementary Schools,elementaryschools,1
education,Middle Schools & High Schools,highschools,1
education,Montessori Schools,montessori,
education,Preschools,preschools,1
education,Private Schools,privateschools,1
education,Private Tutors,privatetutors,1
education,Religious Schools,religiousschools,
education,Special Education,specialed,
education,Specialty Schools,specialtyschools,1
education,Art Schools,artschools,1
education,Bartending Schools,bartendingschools,1
education,CPR Classes,cprclasses,
education,Cheerleading,cheerleading,
education,Childbirth Education,childbirthedu,
education,Circus Schools,circusschools,
education,Cooking Schools,cookingschools,1
education,Cosmetology Schools,cosmetology_schools,
education,DUI Schools,duischools,
education,Dance Schools,dance_schools,1
education,Drama Schools,dramaschools,1
education,Driving Schools,driving_schools,1
education,Firearm Training,firearmtraining,
education,First Aid Classes,firstaidclasses,
education,Flight Instruction,flightinstruction,
education,Food Safety Training,foodsafety,
education,Language Schools,language_schools,
education,Massage Schools,massage_schools,
education,Nursing Schools,nursingschools,
education,Parenting Classes,parentingclasses,
education,Photography Classes,photoclasses,1
education,Pole Dancing Classes,poledancingclasses,1
education,Samba Schools,sambaschools,
education,Ski Schools,skischools,
education,Speech Training,speechtraining,1
education,Surf Schools,surfschools,
education,Swimming Lessons/Schools,swimminglessons,1
education,Traffic Schools,trafficschools,
education,Vocational & Technical School,vocation,
education,Tasting Classes,tastingclasses,1
education,Cheese Tasting Classes,cheesetastingclasses,
education,Wine Tasting Classes,winetasteclasses,1
education,Test Preparation,testprep,
education,Tutoring Centers,tutoring,
education,Waldorf Schools,waldorfschools,
,,,
eventservices,Balloon Services,balloonservices,1
eventservices,Bartenders,bartenders,1
eventservices,Boat Charters,boatcharters,1
eventservices,Cards & Stationery,stationery,1
eventservices,Caricatures,caricatures,1
eventservices,Caterers,catering,1
eventservices,Clowns,clowns,1
eventservices,DJs,djs,1
eventservices,Face Painting,facepainting,1
eventservices,Floral Designers,floraldesigners,1
eventservices,Game Truck Rental,gametruckrental,1
eventservices,Golf Cart Rentals,golfcartrentals,1
eventservices,Henna Artists,hennaartists,1
eventservices,Hotels,hotels,1
eventservices,Agriturismi,agriturismi,1
eventservices,Mountain Huts,mountainhuts,1
eventservices,Pensions,pensions,1
eventservices,Residences,residences,1
eventservices,Rest Stops,reststops,1
eventservices,Ryokan,ryokan,1
eventservices,Magicians,magicians,1
eventservices,Mohels,mohels,1
eventservices,Musicians,musicians,1
eventservices,Officiants,officiants,1
eventservices,Party & Event Planning,eventplanning,1
eventservices,Party Bike Rentals,partybikerentals,1
eventservices,Party Bus Rentals,partybusrentals,1
eventservices,Party Characters,partycharacters,1
eventservices,Party Equipment Rentals,partyequipmentrentals,1
eventservices,Audio/Visual Equipment Rental,audiovisualequipmentrental,1
eventservices,Bounce House Rentals,bouncehouserentals,1
eventservices,Karaoke Rental,karaokerental,1
eventservices,Party Supplies,partysupplies,1
eventservices,Personal Chefs,personalchefs,1
eventservices,Photo Booth Rentals,photoboothrentals,1
eventservices,Photographers,photographers,1
eventservices,Boudoir Photography,boudoirphotography,1
eventservices,Event Photography,eventphotography,1
eventservices,Session Photography,sessionphotography,1
eventservices,Silent Disco,silentdisco,1
eventservices,Sommelier Services,sommelierservices,1
eventservices,Team Building Activities,teambuilding,1
eventservices,Trivia Hosts,triviahosts,1
eventservices,Valet Services,valetservices,1
eventservices,Venues & Event Spaces,venues,1
eventservices,Videographers,videographers,1
eventservices,Wedding Chapels,weddingchappels,1
eventservices,Wedding Planning,wedding_planning,1
,,,
financialservices,Banks & Credit Unions,banks,1
financialservices,Business Financing,businessfinancing,1
financialservices,Check Cashing/Pay-day Loans,paydayloans,1
financialservices,Currency Exchange,currencyexchange,1
financialservices,Debt Relief Services,debtrelief,1
financialservices,Financial Advising,financialadvising,1
financialservices,Installment Loans,installmentloans,1
financialservices,Insurance,insurance,1
financialservices,Auto Insurance,autoinsurance,1
financialservices,Home & Rental Insurance,homeinsurance,1
financialservices,Life Insurance,lifeinsurance,1
financialservices,Investing,investing,1
financialservices,Mortgage Lenders,mortgagelenders,1
financialservices,Tax Services,taxservices,1
financialservices,Title Loans,titleloans,1
,,,
food,Acai Bowls,acaibowls,1
food,Backshop,backshop,1
food,Bagels,bagels,1
food,Bakeries,bakeries,1
food,"Beer, Wine & Spirits",beer_and_wine,1
food,Bento,bento,1
food,Beverage Store,beverage_stores,1
food,Breweries,breweries,1
food,Brewpubs,brewpubs,1
food,Bubble Tea,bubbletea,1
food,Butcher,butcher,1
food,CSA,csa,1
food,Chimney Cakes,chimneycakes,1
food,Churros,churros,1
food,Cideries,cideries,1
food,Coffee & Tea,coffee,1
food,Coffee & Tea Supplies,coffeeteasupplies,1
food,Coffee Roasteries,coffeeroasteries,1
food,Convenience Stores,convenience,1
food,Cupcakes,cupcakes,1
food,Custom Cakes,customcakes,1
food,Delicatessen,delicatessen,1
food,Desserts,desserts,1
food,Distilleries,distilleries,1
food,Do-It-Yourself Food,diyfood,1
food,Donairs,donairs,1
food,Donuts,donuts,1
food,Empanadas,empanadas,1
food,Ethical Grocery,ethicgrocery,1
food,Farmers Market,farmersmarket,1
food,Fishmonger,fishmonger,1
food,Food Delivery Services,fooddeliveryservices,1
food,Food Trucks,foodtrucks,1
food,Friterie,friterie,1
food,Gelato,gelato,1
food,Grocery,grocery,1
food,Hawker Centre,hawkercentre,1
food,Honey,honey,1
food,Ice Cream & Frozen Yogurt,icecream,1
food,Imported Food,importedfood,1
food,International Grocery,intlgrocery,1
food,Internet Cafes,internetcafe,1
food,Japanese Sweets,jpsweets,1
food,Taiyaki,taiyaki,1
food,Juice Bars & Smoothies,juicebars,1
food,Kiosk,kiosk,1
food,Kombucha,kombucha,1
food,Meaderies,meaderies,1
food,Milkshake Bars,milkshakebars,1
food,Mulled Wine,gluhwein,1
food,Nasi Lemak,nasilemak,1
food,Organic Stores,organic_stores,1
food,Panzerotti,panzerotti,1
food,Parent Cafes,eltern_cafes,1
food,Patisserie/Cake Shop,cakeshop,1
food,Piadina,piadina,1
food,Poke,poke,1
food,Pretzels,pretzels,1
food,Salumerie,salumerie,1
food,Shaved Ice,shavedice,1
food,Shaved Snow,shavedsnow,1
food,Smokehouse,smokehouse,1
food,Specialty Food,gourmet,1
food,Candy Stores,candy,1
food,Cheese Shops,cheese,1
food,Chocolatiers & Shops,chocolate,1
food,Dagashi,dagashi,1
food,Dried Fruit,driedfruit,1
food,Frozen Food,frozenfood,1
food,Fruits & Veggies,markets,1
food,Health Markets,healthmarkets,1
food,Herbs & Spices,herbsandspices,1
food,Macarons,macarons,1
food,Meat Shops,meats,1
food,Olive Oil,oliveoil,1
food,Pasta Shops,pastashops,1
food,Popcorn Shops,popcorn,1
food,Seafood Markets,seafoodmarkets,1
food,Tofu Shops,tofu,1
food,Street Vendors,streetvendors,1
food,Sugar Shacks,sugarshacks,1
food,Tea Rooms,tea,1
food,Torshi,torshi,1
food,Tortillas,tortillas,1
food,Water Stores,waterstores,1
food,Wineries,wineries,1
food,Wine Tasting Room,winetastingroom,1
food,Zapiekanka,zapiekanka,1
,,,
health,Acupuncture,acupuncture,1
health,Alternative Medicine,alternativemedicine,1
health,Animal Assisted Therapy,animalassistedtherapy,1
health,Assisted Living Facilities,assistedliving,1
health,Ayurveda,ayurveda,1
health,Behavior Analysts,behavioranalysts,1
health,Blood & Plasma Donation Centers,blooddonation,1
health,Body Contouring,bodycontouring,1
health,Cannabis Clinics,cannabis_clinics,1
health,Cannabis Tours,cannabistours,1
health,Cannabis Collective,cannabiscollective,1
health,Chiropractors,chiropractors,1
health,Colonics,colonics,1
health,Concierge Medicine,conciergemedicine,1
health,Counseling & Mental Health,c_and_mh,1
health,Psychoanalysts,psychoanalysts,1
health,Psychologists,psychologists,1
health,Psychotherapists,psychotherapists,1
health,Sex Therapists,sextherapists,1
health,Sophrologists,sophrologists,1
health,Sports Psychologists,sportspsychologists,1
health,Crisis Pregnancy Centers,crisispregnancycenters,1
health,Cryotherapy,cryotherapy,1
health,Dental Hygienists,dentalhygienists,1
health,Mobile Clinics,dentalhygienistsmobile,1
health,Storefront Clinics,dentalhygeiniststorefront,1
health,Dentists,dentists,1
health,Cosmetic Dentists,cosmeticdentists,1
health,Endodontists,endodontists,1
health,General Dentistry,generaldentistry,1
health,Oral Surgeons,oralsurgeons,1
health,Orthodontists,orthodontists,1
health,Pediatric Dentists,pediatric_dentists,1
health,Periodontists,periodontists,1
health,Diagnostic Services,diagnosticservices,1
health,Diagnostic Imaging,diagnosticimaging,1
health,Laboratory Testing,laboratorytesting,1
health,Dialysis Clinics,dialysisclinics,1
health,Dietitians,dietitians,1
health,Doctors,physicians,1
health,Addiction Medicine,addictionmedicine,1
health,Allergists,allergist,1
health,Anesthesiologists,anesthesiologists,1
health,Audiologist,audiologist,1
health,Cardiologists,cardiology,1
health,Cosmetic Surgeons,cosmeticsurgeons,1
health,Dermatologists,dermatology,1
health,Ear Nose & Throat,earnosethroat,1
health,Emergency Medicine,emergencymedicine,1
health,Endocrinologists,endocrinologists,1
health,Family Practice,familydr,1
health,Fertility,fertility,1
health,Gastroenterologist,gastroenterologist,1
health,Geneticists,geneticists,1
health,Gerontologists,gerontologist,1
health,Hepatologists,hepatologists,1
health,Homeopathic,homeopathic,1
health,Hospitalists,hospitalists,1
health,Immunodermatologists,immunodermatologists,1
health,Infectious Disease Specialists,infectiousdisease,1
health,Internal Medicine,internalmed,1
health,Naturopathic/Holistic,naturopathic,1
health,Nephrologists,nephrologists,1
health,Neurologist,neurologist,1
health,Neuropathologists,neuropathologists,1
health,Neurotologists,neurotologists,1
health,Obstetricians & Gynecologists,obgyn,1
health,Oncologist,oncologist,1
health,Ophthalmologists,opthamalogists,1
health,Retina Specialists,retinaspecialists,1
health,Orthopedists,orthopedists,1
health,Osteopathic Physicians,osteopathicphysicians,1
health,Otologists,otologists,1
health,Pain Management,painmanagement,1
health,Pathologists,pathologists,1
health,Pediatricians,pediatricians,1
health,Phlebologists,phlebologists,1
health,Plastic Surgeons,plasticsurgeons,1
health,Podiatrists,podiatrists,1
health,Preventive Medicine,preventivemedicine,1
health,Proctologists,proctologist,1
health,Psychiatrists,psychiatrists,1
health,Pulmonologist,pulmonologist,1
health,Radiologists,radiologists,1
health,Rheumatologists,rhematologists,1
health,Spine Surgeons,spinesurgeons,1
health,Sports Medicine,sportsmed,1
health,Surgeons,surgeons,1
health,Tattoo Removal,tattooremoval,1
health,Toxicologists,toxicologists,1
health,Tropical Medicine,tropicalmedicine,1
health,Undersea/Hyperbaric Medicine,underseamedicine,1
health,Urologists,urologists,1
health,Vascular Medicine,vascularmedicine,1
health,Doulas,doulas,1
health,Emergency Rooms,emergencyrooms,1
health,Float Spa,floatspa,1
health,Habilitative Services,habilitativeservices,1
health,Halfway Houses,halfwayhouses,1
health,Halotherapy,halotherapy,1
health,Health Coach,healthcoach,1
health,Health Insurance Offices,healthinsurance,1
health,Hearing Aid Providers,hearingaidproviders,1
health,Hearing Aids,hearing_aids,1
health,Herbal Shops,herbalshops,1
health,Home Health Care,homehealthcare,1
health,Hospice,hospice,1
health,Hospitals,hospitals,1
health,Hydrotherapy,hydrotherapy,1
health,Hypnosis/Hypnotherapy,hypnosis,1
health,IV Hydration,ivhydration,1
health,Lactation Services,lactationservices,1
health,Laser Eye Surgery/Lasik,laserlasikeyes,1
health,Lice Services,liceservices,1
health,Massage Therapy,massage_therapy,1
health,Medical Cannabis Referrals,cannabisreferrals,1
health,Medical Centers,medcenters,1
health,Bulk Billing,bulkbilling,1
health,Osteopaths,osteopaths,1
health,Walk-in Clinics,walkinclinics,1
health,Medical Foot Care,medicalfoot,1
health,Medical Spas,medicalspa,1
health,Aestheticians,aestheticians,1
health,Medical Transportation,medicaltransportation,1
health,Memory Care,memorycare,1
health,Midwives,midwives,1
health,Nurse Practitioner,nursepractitioner,1
health,Nutritionists,nutritionists,1
health,Occupational Therapy,occupationaltherapy,1
health,Optometrists,optometrists,1
health,Organ & Tissue Donor Services,organdonorservices,1
health,Orthotics,orthotics,1
health,Oxygen Bars,oxygenbars,1
health,Personal Care Services,personalcare,1
health,Pharmacy,pharmacy,1
health,Physical Therapy,physicaltherapy,1
health,Placenta Encapsulations,placentaencapsulation,1
health,Postpartum Care,postpartumcare,1
health,Prenatal/Perinatal Care,prenatal,1
health,Prosthetics,prosthetics,1
health,Prosthodontists,prosthodontists,1
health,Psychotechnical Tests,psychotechnicaltests,1
health,Reflexology,reflexology,1
health,Rehabilitation Center,rehabilitation_center,1
health,Reiki,reiki,1
health,Reproductive Health Services,reproductivehealthservices,1
health,Retirement Homes,retirement_homes,1
health,Saunas,saunas,1
health,Skilled Nursing,skillednursing,1
health,Sleep Specialists,sleepspecialists,1
health,Speech Therapists,speech_therapists,1
health,Sperm Clinic,spermclinic,1
health,Traditional Chinese Medicine,tcm,1
health,Tui Na,tuina,1
health,Ultrasound Imaging Centers,ultrasoundimagingcenters,1
health,Urgent Care,urgent_care,1
health,Weight Loss Centers,weightlosscenters,1
,,,
homeservices,Artificial Turf,artificialturf,1
homeservices,Building Supplies,buildingsupplies,1
homeservices,Cabinetry,cabinetry,1
homeservices,Carpenters,carpenters,1
homeservices,Carpet Installation,carpetinstallation,1
homeservices,Carpeting,carpeting,1
homeservices,Childproofing,childproofing,1
homeservices,Chimney Sweeps,chimneysweeps,1
homeservices,Countertop Installation,countertopinstall,1
homeservices,Damage Restoration,damagerestoration,1
homeservices,Decks & Railing,decksrailing,1
homeservices,Demolition Services,demolitionservices,1
homeservices,Door Sales/Installation,doorsales,1
homeservices,Drywall Installation & Repair,drywall,1
homeservices,Electricians,electricians,1
homeservices,Excavation Services,excavationservices,1
homeservices,Fences & Gates,fencesgates,1
homeservices,Fire Protection Services,fireprotection,1
homeservices,Fireplace Services,fireplace,1
homeservices,Firewood,firewood,1
homeservices,Flooring,flooring,1
homeservices,Foundation Repair,foundationrepair,1
homeservices,Furniture Assembly,furnitureassembly,1
homeservices,Garage Door Services,garage_door_services,1
homeservices,Gardeners,gardeners,1
homeservices,General Contractors,contractors,1
homeservices,Glass & Mirrors,glassandmirrors,1
homeservices,Grout Services,groutservices,1
homeservices,Gutter Services,gutterservices,1
homeservices,Handyman,handyman,1
homeservices,Heating & Air Conditioning/HVAC,hvac,1
homeservices,Holiday Decorating Services,seasonaldecorservices,1
homeservices,Home Automation,homeautomation,1
homeservices,Home Cleaning,homecleaning,1
homeservices,Home Energy Auditors,homeenergyauditors,1
homeservices,Home Inspectors,home_inspectors,1
homeservices,Home Network Installation,homenetworkinstall,1
homeservices,Home Organization,home_organization,1
homeservices,Home Theatre Installation,hometheatreinstallation,1
homeservices,Home Window Tinting,homewindowtinting,1
homeservices,House Sitters,housesitters,1
homeservices,Insulation Installation,insulationinstallation,1
homeservices,Interior Design,interiordesign,1
homeservices,Internet Service Providers,isps,1
homeservices,Irrigation,irrigation,1
homeservices,Keys & Locksmiths,locksmiths,1
homeservices,Landscape Architects or Designers,landscapearchitects,1
homeservices,Landscaping,landscaping,1
homeservices,Lawn Services,lawnservices,1
homeservices,Lighting Fixtures & Equipment,lighting,1
homeservices,Masonry/Concrete,masonry_concrete,1
homeservices,Mobile Home Repair,mobile_home_repair,1
homeservices,Movers,movers,1
homeservices,Packing Services,packingservices,1
homeservices,Painters,painters,1
homeservices,Patio Coverings,patiocoverings,1
homeservices,Plumbing,plumbing,1
homeservices,Backflow Services,backflowservices,1
homeservices,Pool & Hot Tub Service,poolservice,1
homeservices,Pool Cleaners,poolcleaners,1
homeservices,Pressure Washers,pressurewashers,1
homeservices,Real Estate,realestate,1
homeservices,Apartments,apartments,1
homeservices,Art Space Rentals,artspacerentals,1
homeservices,Commercial Real Estate,commercialrealestate,1
homeservices,Condominiums,condominiums,1
homeservices,Estate Liquidation,estateliquidation,1
homeservices,Home Developers,homedevelopers,1
homeservices,Home Staging,homestaging,1
homeservices,Homeowner Association,homeownerassociation,1
homeservices,Housing Cooperatives,housingcooperatives,1
homeservices,Kitchen Incubators,kitchenincubators,1
homeservices,Mobile Home Dealers,mobilehomes,1
homeservices,Mobile Home Parks,mobileparks,1
homeservices,Mortgage Brokers,mortgagebrokers,1
homeservices,Property Management,propertymgmt,1
homeservices,Real Estate Agents,realestateagents,1
homeservices,Apartment Agents,apartmentagents,1
homeservices,Real Estate Services,realestatesvcs,1
homeservices,Land Surveying,landsurveying,1
homeservices,Real Estate Photography,estatephotography,1
homeservices,Shared Office Spaces,sharedofficespaces,1
homeservices,University Housing,university_housing,1
homeservices,Refinishing Services,refinishing,1
homeservices,Roof Inspectors,roofinspectors,1
homeservices,Roofing,roofing,1
homeservices,Sauna Installation & Repair,saunainstallation,1
homeservices,Security Systems,securitysystems,1
homeservices,Shades & Blinds,blinds,1
homeservices,Shutters,shutters,1
homeservices,Siding,vinylsiding,1
homeservices,Solar Installation,solarinstallation,1
homeservices,Solar Panel Cleaning,solarpanelcleaning,1
homeservices,Structural Engineers,structuralengineers,1
homeservices,Stucco Services,stucco,1
homeservices,Television Service Providers,televisionserviceproviders,1
homeservices,Tiling,tiling,1
homeservices,Tree Services,treeservices,1
homeservices,Utilities,utilities,1
homeservices,Electricity Suppliers,electricitysuppliers,1
homeservices,Natural Gas Suppliers,naturalgassuppliers,1
homeservices,Water Suppliers,watersuppliers,1
homeservices,Wallpapering,wallpapering,1
homeservices,Water Heater Installation/Repair,waterheaterinstallrepair,1
homeservices,Water Purification Services,waterpurification,1
homeservices,Waterproofing,waterproofing,1
homeservices,Window Washing,windowwashing,1
homeservices,Windows Installation,windowsinstallation,1
,,,
hotelstravel,Airports,airports,1
hotelstravel,Airport Terminals,airportterminals,1
hotelstravel,Bed & Breakfast,bedbreakfast,1
hotelstravel,Campgrounds,campgrounds,1
hotelstravel,Car Rental,carrental,1
hotelstravel,Guest Houses,guesthouses,1
hotelstravel,Health Retreats,healthretreats,1
hotelstravel,Hostels,hostels,1
hotelstravel,Hotels,hotels,1
hotelstravel,Agriturismi,agriturismi,1
hotelstravel,Mountain Huts,mountainhuts,1
hotelstravel,Pensions,pensions,1
hotelstravel,Residences,residences,1
hotelstravel,Rest Stops,reststops,1
hotelstravel,Ryokan,ryokan,1
hotelstravel,Motorcycle Rental,motorcycle_rental,1
hotelstravel,RV Parks,rvparks,1
hotelstravel,RV Rental,rvrental,1
hotelstravel,Resorts,resorts,1
hotelstravel,Ski Resorts,skiresorts,1
hotelstravel,Tours,tours,1
hotelstravel,Aerial Tours,aerialtours,1
hotelstravel,Architectural Tours,architecturaltours,1
hotelstravel,Art Tours,arttours,1
hotelstravel,Beer Tours,beertours,1
hotelstravel,Bike tours,biketours,1
hotelstravel,Boat Tours,boattours,1
hotelstravel,Bus Tours,bustours,1
hotelstravel,Food Tours,foodtours,1
hotelstravel,Historical Tours,historicaltours,1
hotelstravel,Scooter Tours,scootertours,1
hotelstravel,Walking Tours,walkingtours,1
hotelstravel,Whale Watching Tours,whalewatchingtours,1
hotelstravel,Wine Tours,winetours,1
hotelstravel,Train Stations,trainstations,1
hotelstravel,Transportation,transport,1
hotelstravel,Airlines,airlines,1
hotelstravel,Airport Shuttles,airport_shuttles,1
hotelstravel,Bike Sharing,bikesharing,1
hotelstravel,Bus Stations,busstations,1
hotelstravel,Buses,buses,1
hotelstravel,Cable Cars,cablecars,1
hotelstravel,Dolmus Station,dolmusstation,1
hotelstravel,Ferries,ferries,1
hotelstravel,Limos,limos,1
hotelstravel,Metro Stations,metrostations,1
hotelstravel,Pedicabs,pedicabs,1
hotelstravel,Private Jet Charter,privatejetcharter,1
hotelstravel,Public Transportation,publictransport,1
hotelstravel,Shared Taxis,sharedtaxis,1
hotelstravel,Taxis,taxis,1
hotelstravel,Town Car Service,towncarservice,1
hotelstravel,Trains,trains,1
hotelstravel,Water Taxis,watertaxis,1
hotelstravel,Travel Services,travelservices,1
hotelstravel,Luggage Storage,luggagestorage,1
hotelstravel,Passport & Visa Services,passportvisaservices,1
hotelstravel,Travel Agents,travelagents,1
hotelstravel,Visitor Centers,visitorcenters,1
hotelstravel,Vacation Rental Agents,vacationrentalagents,1
hotelstravel,Vacation Rentals,vacation_rentals,1
,,,
localflavor,Parklets,parklets,
localflavor,Public Art,publicart,
localflavor,Unofficial Yelp Events,unofficialyelpevents,
localflavor,Yelp Events,yelpevents,
,,,
localservices,3D Printing,3dprinting,1
localservices,Adoption Services,adoptionservices,1
localservices,Air Duct Cleaning,airductcleaning,1
localservices,Appliances & Repair,homeappliancerepair,1
localservices,Appraisal Services,appraisalservices,1
localservices,Art Installation,artinstallation,1
localservices,Art Restoration,artrestoration,1
localservices,Awnings,awnings,1
localservices,Bail Bondsmen,bailbondsmen,1
localservices,Bike Repair/Maintenance,bike_repair_maintenance,1
localservices,Biohazard Cleanup,biohazardcleanup,1
localservices,Bookbinding,bookbinding,1
localservices,Bus Rental,busrental,1
localservices,Calligraphy,calligraphy,1
localservices,Carpet Cleaning,carpet_cleaning,1
localservices,Carpet Dyeing,carpetdyeing,1
localservices,Child Care & Day Care,childcare,1
localservices,Clock Repair,clockrepair,1
localservices,Community Book Box,communitybookbox,1
localservices,Community Gardens,communitygardens,1
localservices,Community Service/Non-Profit,nonprofit,1
localservices,Food Banks,foodbanks,1
localservices,Homeless Shelters,homelessshelters,1
localservices,Couriers & Delivery Services,couriers,1
localservices,Crane Services,craneservices,1
localservices,Donation Center,donationcenter,1
localservices,Elder Care Planning,eldercareplanning,1
localservices,Electronics Repair,electronicsrepair,1
localservices,Elevator Services,elevatorservices,1
localservices,Engraving,engraving,1
localservices,Environmental Abatement,enviroabatement,1
localservices,Environmental Testing,environmentaltesting,1
localservices,Farm Equipment Repair,farmequipmentrepair,1
localservices,Fingerprinting,fingerprinting,1
localservices,Forestry,forestry,1
localservices,Funeral Services & Cemeteries,funeralservices,1
localservices,Cremation Services,cremationservices,1
localservices,Mortuary Services,mortuaryservices,1
localservices,Furniture Rental,rentfurniture,1
localservices,Furniture Repair,furniturerepair,1
localservices,Furniture Reupholstery,reupholstery,1
localservices,Generator Installation/Repair,generatorinstallrepair,1
localservices,Gestorias,gestorias,1
localservices,Grill Services,grillservices,1
localservices,Gunsmith,gunsmith,1
localservices,Hazardous Waste Disposal,hazardouswastedisposal,1
localservices,Hydro-jetting,hydrojetting,1
localservices,IT Services & Computer Repair,itservices,1
localservices,Data Recovery,datarecovery,1
localservices,Mobile Phone Repair,mobilephonerepair,1
localservices,Telecommunications,telecommunications,1
localservices,Ice Delivery,icedelivery,1
localservices,Internet Booths & Calling Centers,internetbooth,1
localservices,Jewelry Repair,jewelryrepair,1
localservices,Junk Removal & Hauling,junkremovalandhauling,1
localservices,Dumpster Rental,dumpsterrental,1
localservices,Junkyards,junkyards,1
localservices,Knife Sharpening,knifesharpening,1
localservices,Laundry Services,laundryservices,1
localservices,Dry Cleaning,dryclean,1
localservices,Laundromat,laundromat,1
localservices,Machine & Tool Rental,machinerental,1
localservices,Machine Shops,machineshops,1
localservices,Mailbox Centers,mailboxcenters,1
localservices,Metal Detector Services,metaldetectorservices,1
localservices,Metal Fabricators,metalfabricators,1
localservices,Misting System Services,mistingsystemservices,1
localservices,Musical Instrument Services,musicinstrumentservices,1
localservices,Guitar Stores,guitarstores,1
localservices,Piano Services,pianoservices,1
localservices,Piano Stores,pianostores,1
localservices,Vocal Coach,vocalcoach,1
localservices,Nanny Services,nannys,1
localservices,Notaries,notaries,1
localservices,Outdoor Power Equipment Services,outdoorpowerequipmentservices,1
localservices,Pest Control,pest_control,1
localservices,Portable Toilet Services,portabletoiletservices,1
localservices,Powder Coating,powdercoating,1
localservices,Printing Services,copyshops,1
localservices,Propane,propane,1
localservices,Record Labels,record_labels,1
localservices,Recording & Rehearsal Studios,recording_studios,1
localservices,Recycling Center,recyclingcenter,1
localservices,Sandblasting,sandblasting,1
localservices,Screen Printing,screenprinting,1
localservices,Screen Printing/T-Shirt Printing,screen_printing_tshirt_printing,1
localservices,Self Storage,selfstorage,1
localservices,Septic Services,septicservices,1
localservices,Sewing & Alterations,sewingalterations,1
localservices,Shipping Centers,shipping_centers,1
localservices,Shoe Repair,shoerepair,1
localservices,Shoe Shine,shoeshine,1
localservices,Smoking Areas,smokingareas,1
localservices,Snow Removal,snowremoval,1
localservices,Snuggle Services,snuggleservices,1
localservices,Stonemasons,stonemasons,1
localservices,TV Mounting,tvmounting,1
localservices,Watch Repair,watch_repair,1
localservices,Water Delivery,waterdelivery,1
localservices,Well Drilling,welldrilling,1
localservices,Wildlife Control,wildlifecontrol,1
localservices,Youth Club,youth_club,1
,,,
massmedia,Print Media,printmedia,
massmedia,Radio Stations,radiostations,
massmedia,Television Stations,televisionstations,
,,,
nightlife,Adult Entertainment,adultentertainment,1
nightlife,Strip Clubs,stripclubs,1
nightlife,Striptease Dancers,stripteasedancers,1
nightlife,Bar Crawl,barcrawl,1
nightlife,Bars,bars,1
nightlife,Absinthe Bars,absinthebars,1
nightlife,Airport Lounges,airportlounges,1
nightlife,Beach Bars,beachbars,1
nightlife,Beer Bar,beerbar,1
nightlife,Champagne Bars,champagne_bars,1
nightlife,Cigar Bars,cigarbars,1
nightlife,Cocktail Bars,cocktailbars,1
nightlife,Dive Bars,divebars,1
nightlife,Drive-Thru Bars,drivethrubars,1
nightlife,Gay Bars,gaybars,1
nightlife,Hookah Bars,hookah_bars,1
nightlife,Hotel bar,hotel_bar,1
nightlife,Irish Pub,irish_pubs,1
nightlife,Lounges,lounges,1
nightlife,Pubs,pubs,1
nightlife,Pulquerias,pulquerias,
nightlife,Sake Bars,sakebars,
nightlife,Speakeasies,speakeasies,
nightlife,Sports Bars,sportsbars,1
nightlife,Tabac,tabac,
nightlife,Tiki Bars,tikibars,
nightlife,Vermouth Bars,vermouthbars,
nightlife,Whiskey Bars,whiskeybars,1
nightlife,Wine Bars,wine_bars,1
nightlife,Beer Gardens,beergardens,1
nightlife,Club Crawl,clubcrawl,
nightlife,Coffeeshops,coffeeshops,1
nightlife,Comedy Clubs,comedyclubs,1
nightlife,Country Dance Halls,countrydancehalls,1
nightlife,Dance Clubs,danceclubs,1
nightlife,Dance Restaurants,dancerestaurants,
nightlife,Fasil Music,fasil,
nightlife,Jazz & Blues,jazzandblues,1
nightlife,Karaoke,karaoke,1
nightlife,Music Venues,musicvenues,1
nightlife,Piano Bars,pianobars,1
nightlife,Pool Halls,poolhalls,
,,,
pets,Animal Shelters,animalshelters,1
pets,Horse Boarding,horse_boarding,1
pets,Pet Adoption,petadoption,1
pets,Pet Services,petservices,1
pets,Animal Physical Therapy,animalphysicaltherapy,1
pets,Aquarium Services,aquariumservices,1
pets,Dog Walkers,dogwalkers,1
pets,Emergency Pet Hospital,emergencypethospital,1
pets,Farriers,farriers,1
pets,Holistic Animal Care,animalholistic,1
pets,Pet Breeders,petbreeders,1
pets,Pet Cremation Services,petcremation,1
pets,Pet Groomers,groomer,1
pets,Pet Hospice,pethospice,1
pets,Pet Insurance,petinsurance,1
pets,Pet Photography,petphotography,1
pets,Pet Sitting,pet_sitting,1
pets,Pet Boarding,petboarding,1
pets,Pet Training,pet_training,1
pets,Pet Transportation,pettransport,1
pets,Pet Waste Removal,petwasteremoval,1
pets,Pet Stores,petstore,1
pets,Bird Shops,birdshops,1
pets,Local Fish Stores,localfishstores,1
pets,Reptile Shops,reptileshops,1
pets,Veterinarians,vet,1
,,,
professional,Accountants,accountants,1
professional,Advertising,advertising,1
professional,Architects,architects,1
professional,Art Consultants,artconsultants,1
professional,Billing Services,billingservices,1
professional,Boat Repair,boatrepair,1
professional,Bookkeepers,bookkeepers,1
professional,Business Consulting,businessconsulting,1
professional,Career Counseling,careercounseling,1
professional,Commissioned Artists,commissionedartists,1
professional,Customs Brokers,customsbrokers,1
professional,Digitizing Services,digitizingservices,1
professional,Duplication Services,duplicationservices,1
professional,Editorial Services,editorialservices,1
professional,Employment Agencies,employmentagencies,1
professional,Feng Shui,fengshui,1
professional,Graphic Design,graphicdesign,1
professional,Indoor Landscaping,indoorlandscaping,1
professional,Internet Service Providers,isps,1
professional,Lawyers,lawyers,1
professional,Bankruptcy Law,bankruptcy,1
professional,Business Law,businesslawyers,1
professional,Consumer Law,consumerlaw,1
professional,Contract Law,contractlaw,1
professional,Criminal Defense Law,criminaldefense,1
professional,DUI Law,duilawyers,1
professional,Disability Law,disabilitylaw,1
professional,Divorce & Family Law,divorce,1
professional,Elder Law,elderlaw,1
professional,Employment Law,employmentlawyers,1
professional,Entertainment Law,entertainmentlaw,1
professional,Estate Planning Law,estateplanning,1
professional,"Wills, Trusts, & Probates",willstrustsprobates,1
professional,General Litigation,general_litigation,1
professional,IP & Internet Law,iplaw,1
professional,Immigration Law,immigrationlawyers,1
professional,Medical Law,medicallaw,1
professional,Personal Injury Law,personal_injury,1
professional,Real Estate Law,realestatelawyers,1
professional,Social Security Law,socialsecuritylaw,1
professional,Tax Law,taxlaw,1
professional,Traffic Ticketing Law,trafficticketinglaw,1
professional,Workers Compensation Law,workerscomplaw,1
professional,Legal Services,legalservices,1
professional,Court Reporters,courtreporters,1
professional,Process Servers,processservers,1
professional,Life Coach,lifecoach,1
professional,Marketing,marketing,1
professional,Matchmakers,matchmakers,1
professional,Mediators,mediators,1
professional,Music Production Services,musicproduction,1
professional,Office Cleaning,officecleaning,1
professional,Patent Law,patentlaw,1
professional,Payroll Services,payroll,1
professional,Personal Assistants,personalassistants,1
professional,Private Investigation,privateinvestigation,1
professional,Product Design,productdesign,1
professional,Public Adjusters,publicadjusters,1
professional,Public Relations,publicrelations,1
professional,Security Services,security,1
professional,Shredding Services,shredding,1
professional,Signmaking,signmaking,1
professional,Software Development,softwaredevelopment,1
professional,Talent Agencies,talentagencies,1
professional,Taxidermy,taxidermy,1
professional,Tenant and Eviction Law,tenantlaw,1
professional,Translation Services,translationservices,1
professional,Video/Film Production,videofilmproductions,1
professional,Web Design,web_design,1
professional,Wholesalers,wholesalers,1
professional,Restaurant Supplies,suppliesrestaurant,1
,,,
publicservicesgovt,Authorized Postal Representative,authorized_postal_representative,
publicservicesgovt,Civic Center,civiccenter,
publicservicesgovt,Community Centers,communitycenters,
publicservicesgovt,Courthouses,courthouses,
publicservicesgovt,Departments of Motor Vehicles,departmentsofmotorvehicles,
publicservicesgovt,Embassy,embassy,
publicservicesgovt,Fire Departments,firedepartments,
publicservicesgovt,Jails & Prisons,jailsandprisons,
publicservicesgovt,Landmarks & Historical Buildings,landmarks,
publicservicesgovt,Libraries,libraries,1
publicservicesgovt,Municipality,municipality,
publicservicesgovt,Police Departments,policedepartments,1
publicservicesgovt,Post Offices,postoffices,1
publicservicesgovt,Registry Office,registry_office,
publicservicesgovt,Tax Office,taxoffice,
publicservicesgovt,Town Hall,townhall,
,,,
realestate,Apartments,apartments,1
realestate,Art Space Rentals,artspacerentals,1
realestate,Commercial Real Estate,commercialrealestate,1
realestate,Condominiums,condominiums,1
realestate,Estate Liquidation,estateliquidation,
realestate,Home Developers,homedevelopers,
realestate,Home Staging,homestaging,
realestate,Homeowner Association,homeownerassociation,
realestate,Housing Cooperatives,housingcooperatives,
realestate,Kitchen Incubators,kitchenincubators,
realestate,Mobile Home Dealers,mobilehomes,
realestate,Mobile Home Parks,mobileparks,
realestate,Mortgage Brokers,mortgagebrokers,
realestate,Property Management,propertymgmt,
realestate,Real Estate Agents,realestateagents,1
realestate,Apartment Agents,apartmentagents,1
realestate,Real Estate Services,realestatesvcs,1
realestate,Land Surveying,landsurveying,
realestate,Real Estate Photography,estatephotography,
realestate,Shared Office Spaces,sharedofficespaces,
realestate,University Housing,university_housing,
,,,
religiousorgs,Afro-Brazilian,afrobrazilian,1
religiousorgs,Buddhist Temples,buddhist_temples,1
religiousorgs,Churches,churches,1
religiousorgs,Hindu Temples,hindu_temples,1
religiousorgs,Mosques,mosques,1
religiousorgs,Shrines,shrines,1
religiousorgs,Sikh Temples,sikhtemples,1
religiousorgs,Spiritism,spiritism,1
religiousorgs,Synagogues,synagogues,1
religiousorgs,Taoist Temples,taoisttemples,1
,,,
restaurants,Afghan,afghani,1
restaurants,African,african,1
restaurants,Senegalese,senegalese,1
restaurants,South African,southafrican,1
restaurants,American (New),newamerican,1
restaurants,American (Traditional),tradamerican,1
restaurants,Andalusian,andalusian,1
restaurants,Arabic,arabian,1
restaurants,Arab Pizza,arabpizza,1
restaurants,Argentine,argentine,1
restaurants,Armenian,armenian,1
restaurants,Asian Fusion,asianfusion,1
restaurants,Asturian,asturian,1
restaurants,Australian,australian,1
restaurants,Austrian,austrian,1
restaurants,Baguettes,baguettes,1
restaurants,Bangladeshi,bangladeshi,1
restaurants,Barbeque,bbq,1
restaurants,Basque,basque,1
restaurants,Bavarian,bavarian,1
restaurants,Beer Garden,beergarden,1
restaurants,Beer Hall,beerhall,1
restaurants,Beisl,beisl,1
restaurants,Belgian,belgian,1
restaurants,Flemish,flemish,1
restaurants,Bistros,bistros,1
restaurants,Black Sea,blacksea,1
restaurants,Brasseries,brasseries,1
restaurants,Brazilian,brazilian,1
restaurants,Brazilian Empanadas,brazilianempanadas,1
restaurants,Central Brazilian,centralbrazilian,1
restaurants,Northeastern Brazilian,northeasternbrazilian,1
restaurants,Northern Brazilian,northernbrazilian,1
restaurants,Rodizios,rodizios,1
restaurants,Breakfast & Brunch,breakfast_brunch,1
restaurants,Pancakes,pancakes,1
restaurants,British,british,1
restaurants,Buffets,buffets,1
restaurants,Bulgarian,bulgarian,1
restaurants,Burgers,burgers,1
restaurants,Burmese,burmese,1
restaurants,Cafes,cafes,1
restaurants,Themed Cafes,themedcafes,1
restaurants,Cafeteria,cafeteria,1
restaurants,Cajun/Creole,cajun,1
restaurants,Cambodian,cambodian,1
restaurants,Canadian (New),newcanadian,1
restaurants,Canteen,canteen,1
restaurants,Caribbean,caribbean,1
restaurants,Dominican,dominican,1
restaurants,Haitian,haitian,1
restaurants,Puerto Rican,puertorican,1
restaurants,Trinidadian,trinidadian,1
restaurants,Catalan,catalan,1
restaurants,Cheesesteaks,cheesesteaks,1
restaurants,Chicken Shop,chickenshop,1
restaurants,Chicken Wings,chicken_wings,1
restaurants,Chilean,chilean,1
restaurants,Chinese,chinese,1
restaurants,Cantonese,cantonese,1
restaurants,Congee,congee,1
restaurants,Dim Sum,dimsum,1
restaurants,Fuzhou,fuzhou,1
restaurants,Hainan,hainan,1
restaurants,Hakka,hakka,1
restaurants,Henghwa,henghwa,1
restaurants,Hokkien,hokkien,1
restaurants,Hunan,hunan,1
restaurants,Pekinese,pekinese,1
restaurants,Shanghainese,shanghainese,1
restaurants,Szechuan,szechuan,1
restaurants,Teochew,teochew,1
restaurants,Comfort Food,comfortfood,1
restaurants,Corsican,corsican,1
restaurants,Creperies,creperies,1
restaurants,Cuban,cuban,1
restaurants,Curry Sausage,currysausage,1
restaurants,Cypriot,cypriot,1
restaurants,Czech,czech,1
restaurants,Czech/Slovakian,czechslovakian,1
restaurants,Danish,danish,1
restaurants,Delis,delis,1
restaurants,Diners,diners,1
restaurants,Dinner Theater,dinnertheater,1
restaurants,Dumplings,dumplings,1
restaurants,Eastern European,eastern_european,1
restaurants,Eritrean,eritrean,1
restaurants,Ethiopian,ethiopian,1
restaurants,Fast Food,hotdogs,1
restaurants,Filipino,filipino,1
restaurants,Fischbroetchen,fischbroetchen,1
restaurants,Fish & Chips,fishnchips,1
restaurants,Flatbread,flatbread,1
restaurants,Fondue,fondue,1
restaurants,Food Court,food_court,1
restaurants,Food Stands,foodstands,1
restaurants,Freiduria,freiduria,1
restaurants,French,french,1
restaurants,Alsatian,alsatian,1
restaurants,Auvergnat,auvergnat,1
restaurants,Berrichon,berrichon,1
restaurants,Bourguignon,bourguignon,1
restaurants,Mauritius,mauritius,1
restaurants,Nicoise,nicois,1
restaurants,Provencal,provencal,1
restaurants,Reunion,reunion,1
restaurants,French Southwest,sud_ouest,1
restaurants,Galician,galician,1
restaurants,Game Meat,gamemeat,1
restaurants,Gastropubs,gastropubs,1
restaurants,Georgian,georgian,1
restaurants,German,german,1
restaurants,Baden,baden,1
restaurants,Eastern German,easterngerman,1
restaurants,Franconian,franconian,1
restaurants,Hessian,hessian,1
restaurants,Northern German,northerngerman,1
restaurants,Palatine,palatine,1
restaurants,Rhinelandian,rhinelandian,1
restaurants,Giblets,giblets,1
restaurants,Gluten-Free,gluten_free,1
restaurants,Greek,greek,1
restaurants,Guamanian,guamanian,1
restaurants,Halal,halal,1
restaurants,Hawaiian,hawaiian,1
restaurants,Heuriger,heuriger,1
restaurants,Himalayan/Nepalese,himalayan,1
restaurants,Honduran,honduran,1
restaurants,Hong Kong Style Cafe,hkcafe,1
restaurants,Hot Dogs,hotdog,1
restaurants,Hot Pot,hotpot,1
restaurants,Hungarian,hungarian,1
restaurants,Iberian,iberian,1
restaurants,Indian,indpak,1
restaurants,Indonesian,indonesian,1
restaurants,International,international,1
restaurants,Irish,irish,1
restaurants,Island Pub,island_pub,1
restaurants,Israeli,israeli,1
restaurants,Italian,italian,1
restaurants,Abruzzese,abruzzese,1
restaurants,Altoatesine,altoatesine,1
restaurants,Apulian,apulian,1
restaurants,Calabrian,calabrian,1
restaurants,Cucina campana,cucinacampana,1
restaurants,Emilian,emilian,1
restaurants,Friulan,friulan,1
restaurants,Ligurian,ligurian,1
restaurants,Lumbard,lumbard,1
restaurants,Napoletana,napoletana,1
restaurants,Piemonte,piemonte,1
restaurants,Roman,roman,1
restaurants,Sardinian,sardinian,1
restaurants,Sicilian,sicilian,1
restaurants,Tuscan,tuscan,1
restaurants,Venetian,venetian,1
restaurants,Japanese,japanese,1
restaurants,Blowfish,blowfish,1
restaurants,Conveyor Belt Sushi,conveyorsushi,1
restaurants,Donburi,donburi,1
restaurants,Gyudon,gyudon,1
restaurants,Oyakodon,oyakodon,1
restaurants,Hand Rolls,handrolls,1
restaurants,Horumon,horumon,1
restaurants,Izakaya,izakaya,1
restaurants,Japanese Curry,japacurry,1
restaurants,Kaiseki,kaiseki,1
restaurants,Kushikatsu,kushikatsu,1
restaurants,Oden,oden,1
restaurants,Okinawan,okinawan,1
restaurants,Okonomiyaki,okonomiyaki,1
restaurants,Onigiri,onigiri,1
restaurants,Ramen,ramen,1
restaurants,Robatayaki,robatayaki,1
restaurants,Soba,soba,1
restaurants,Sukiyaki,sukiyaki,1
restaurants,Takoyaki,takoyaki,1
restaurants,Tempura,tempura,1
restaurants,Teppanyaki,teppanyaki,1
restaurants,Tonkatsu,tonkatsu,1
restaurants,Udon,udon,1
restaurants,Unagi,unagi,1
restaurants,Western Style Japanese Food,westernjapanese,1
restaurants,Yakiniku,yakiniku,1
restaurants,Yakitori,yakitori,1
restaurants,Jewish,jewish,1
restaurants,Kebab,kebab,1
restaurants,Kopitiam,kopitiam,1
restaurants,Korean,korean,1
restaurants,Kosher,kosher,1
restaurants,Kurdish,kurdish,1
restaurants,Laos,laos,1
restaurants,Laotian,laotian,1
restaurants,Latin American,latin,1
restaurants,Colombian,colombian,1
restaurants,Salvadoran,salvadoran,1
restaurants,Venezuelan,venezuelan,1
restaurants,Live/Raw Food,raw_food,1
restaurants,Lyonnais,lyonnais,1
restaurants,Malaysian,malaysian,1
restaurants,Mamak,mamak,1
restaurants,Nyonya,nyonya,1
restaurants,Meatballs,meatballs,1
restaurants,Mediterranean,mediterranean,1
restaurants,Falafel,falafel,1
restaurants,Mexican,mexican,1
restaurants,Eastern Mexican,easternmexican,1
restaurants,Jaliscan,jaliscan,1
restaurants,Northern Mexican,northernmexican,1
restaurants,Oaxacan,oaxacan,1
restaurants,Pueblan,pueblan,1
restaurants,Tacos,tacos,1
restaurants,Tamales,tamales,1
restaurants,Yucatan,yucatan,1
restaurants,Middle Eastern,mideastern,1
restaurants,Egyptian,egyptian,1
restaurants,Lebanese,lebanese,1
restaurants,Milk Bars,milkbars,1
restaurants,Modern Australian,modern_australian,1
restaurants,Modern European,modern_european,1
restaurants,Mongolian,mongolian,1
restaurants,Moroccan,moroccan,1
restaurants,New Mexican Cuisine,newmexican,1
restaurants,New Zealand,newzealand,1
restaurants,Nicaraguan,nicaraguan,1
restaurants,Night Food,nightfood,1
restaurants,Nikkei,nikkei,1
restaurants,Noodles,noodles,1
restaurants,Norcinerie,norcinerie,1
restaurants,Open Sandwiches,opensandwiches,1
restaurants,Oriental,oriental,1
restaurants,PF/Comercial,pfcomercial,1
restaurants,Pakistani,pakistani,1
restaurants,Pan Asian,panasian,1
restaurants,Parent Cafes,eltern_cafes,1
restaurants,Parma,parma,1
restaurants,Persian/Iranian,persian,1
restaurants,Peruvian,peruvian,1
restaurants,Pita,pita,1
restaurants,Pizza,pizza,1
restaurants,Polish,polish,1
restaurants,Pierogis,pierogis,1
restaurants,Polynesian,polynesian,1
restaurants,Pop-Up Restaurants,popuprestaurants,1
restaurants,Portuguese,portuguese,1
restaurants,Alentejo,alentejo,1
restaurants,Algarve,algarve,1
restaurants,Azores,azores,1
restaurants,Beira,beira,1
restaurants,Fado Houses,fado_houses,1
restaurants,Madeira,madeira,1
restaurants,Minho,minho,1
restaurants,Ribatejo,ribatejo,1
restaurants,Tras-os-Montes,tras_os_montes,1
restaurants,Potatoes,potatoes,1
restaurants,Poutineries,poutineries,1
restaurants,Pub Food,pubfood,1
restaurants,Rice,riceshop,1
restaurants,Romanian,romanian,1
restaurants,Rotisserie Chicken,rotisserie_chicken,1
restaurants,Russian,russian,1
restaurants,Salad,salad,1
restaurants,Sandwiches,sandwiches,1
restaurants,Scandinavian,scandinavian,1
restaurants,Schnitzel,schnitzel,1
restaurants,Scottish,scottish,1
restaurants,Seafood,seafood,1
restaurants,Serbo Croatian,serbocroatian,1
restaurants,Signature Cuisine,signature_cuisine,1
restaurants,Singaporean,singaporean,1
restaurants,Slovakian,slovakian,1
restaurants,Somali,somali,1
restaurants,Soul Food,soulfood,1
restaurants,Soup,soup,1
restaurants,Southern,southern,1
restaurants,Spanish,spanish,1
restaurants,Arroceria / Paella,arroceria_paella,1
restaurants,Sri Lankan,srilankan,1
restaurants,Steakhouses,steak,1
restaurants,Supper Clubs,supperclubs,1
restaurants,Sushi Bars,sushi,1
restaurants,Swabian,swabian,1
restaurants,Swedish,swedish,1
restaurants,Swiss Food,swissfood,1
restaurants,Syrian,syrian,1
restaurants,Tabernas,tabernas,1
restaurants,Taiwanese,taiwanese,1
restaurants,Tapas Bars,tapas,1
restaurants,Tapas/Small Plates,tapasmallplates,1
restaurants,Tavola Calda,tavolacalda,1
restaurants,Thai,thai,1
restaurants,Traditional Norwegian,norwegian,1
restaurants,Traditional Swedish,traditional_swedish,1
restaurants,Trattorie,trattorie,1
restaurants,Turkish,turkish,1
restaurants,Chee Kufta,cheekufta,1
restaurants,Gozleme,gozleme,1
restaurants,Homemade Food,homemadefood,1
restaurants,Lahmacun,lahmacun,1
restaurants,Ottoman Cuisine,ottomancuisine,1
restaurants,Turkish Ravioli,turkishravioli,1
restaurants,Ukrainian,ukrainian,1
restaurants,Uzbek,uzbek,1
restaurants,Vegan,vegan,1
restaurants,Vegetarian,vegetarian,1
restaurants,Venison,venison,1
restaurants,Vietnamese,vietnamese,1
restaurants,Waffles,waffles,1
restaurants,Wok,wok,1
restaurants,Wraps,wraps,1
restaurants,Yugoslav,yugoslav,1
,,,
shopping,Adult,adult,
shopping,Antiques,antiques,1
shopping,Art Galleries,galleries,1
shopping,Arts & Crafts,artsandcrafts,1
shopping,Art Supplies,artsupplies,1
shopping,Ateliers,ateliers,1
shopping,Cards & Stationery,stationery,1
shopping,Cooking Classes,cookingclasses,1
shopping,Costumes,costumes,1
shopping,Embroidery & Crochet,embroideryandcrochet,1
shopping,Fabric Stores,fabricstores,1
shopping,Framing,framing,1
shopping,Paint-Your-Own Pottery,paintyourownpottery,
shopping,Auction Houses,auctionhouses,
shopping,Baby Gear & Furniture,baby_gear,1
shopping,Battery Stores,batterystores,
shopping,Bespoke Clothing,bespoke,1
shopping,"Books, Mags, Music & Video",media,1
shopping,Bookstores,bookstores,1
shopping,Comic Books,comicbooks,1
shopping,Music & DVDs,musicvideo,1
shopping,Newspapers & Magazines,mags,1
shopping,Video Game Stores,videogamestores,1
shopping,Videos & Video Game Rental,videoandgames,1
shopping,Vinyl Records,vinyl_records,1
shopping,Brewing Supplies,brewingsupplies,1
shopping,Bridal,bridal,1
shopping,Cannabis Dispensaries,cannabisdispensaries,
shopping,Chinese Bazaar,chinesebazaar,
shopping,Computers,computers,1
shopping,Concept Shops,concept_shops,1
shopping,Cosmetics & Beauty Supply,cosmetics,1
shopping,Customized Merchandise,custommerchandise,1
shopping,Department Stores,deptstores,1
shopping,Diamond Buyers,diamondbuyers,1
shopping,Discount Store,discountstore,1
shopping,Drones,drones,1
shopping,Drugstores,drugstores,
shopping,Duty-Free Shops,dutyfreeshops,
shopping,Electronics,electronics,1
shopping,Eyewear & Opticians,opticians,1
shopping,Sunglasses,sunglasses,1
shopping,Farming Equipment,farmingequipment,
shopping,Fashion,fashion,1
shopping,Accessories,accessories,1
shopping,Ceremonial Clothing,ceremonialclothing,1
shopping,Children's Clothing,childcloth,1
shopping,Clothing Rental,clothingrental,1
shopping,Department Stores,deptstores,1
shopping,Formal Wear,formalwear,
shopping,Fur Clothing,furclothing,1
shopping,Hats,hats,1
shopping,Kimonos,kimonos,
shopping,Leather Goods,leather,1
shopping,Lingerie,lingerie,1
shopping,Maternity Wear,maternity,1
shopping,Men's Clothing,menscloth,1
shopping,Plus Size Fashion,plus_size_fashion,
shopping,Shoe Stores,shoes,1
shopping,Sleepwear,sleepwear,1
shopping,Sports Wear,sportswear,1
shopping,Dance Wear,dancewear,1
shopping,Stockings,stockings,1
shopping,Surf Shop,surfshop,
shopping,Swimwear,swimwear,1
shopping,Traditional Clothing,tradclothing,
shopping,"Used, Vintage & Consignment",vintage,1
shopping,Women's Clothing,womenscloth,1
shopping,Fireworks,fireworks,
shopping,Fitness/Exercise Equipment,fitnessequipment,1
shopping,Flea Markets,fleamarkets,1
shopping,Flowers & Gifts,flowers,1
shopping,Cards & Stationery,stationery,1
shopping,Florists,florists,
shopping,Gift Shops,giftshops,1
shopping,Gemstones & Minerals,gemstonesandminerals,1
shopping,Gold Buyers,goldbuyers,1
shopping,Guns & Ammo,guns_and_ammo,
shopping,Head Shops,headshops,
shopping,High Fidelity Audio Equipment,hifi,
shopping,Hobby Shops,hobbyshops,1
shopping,Home & Garden,homeandgarden,1
shopping,Appliances,appliances,1
shopping,Candle Stores,candlestores,1
shopping,Christmas Trees,christmastrees,1
shopping,Furniture Stores,furniture,1
shopping,Grilling Equipment,grillingequipment,
shopping,Hardware Stores,hardware,1
shopping,Holiday Decorations,holidaydecorations,1
shopping,Home Decor,homedecor,1
shopping,Hot Tub & Pool,hottubandpool,1
shopping,Kitchen & Bath,kitchenandbath,1
shopping,Kitchen Supplies,kitchensupplies,1
shopping,Lighting Stores,lightingstores,1
shopping,Linens,linens,1
shopping,Materiale elettrico,materialeelettrico,
shopping,Mattresses,mattresses,
shopping,Nurseries & Gardening,gardening,1
shopping,Hydroponics,hydroponics,
shopping,Outdoor Furniture Stores,outdoorfurniture,1
shopping,Paint Stores,paintstores,1
shopping,Playsets,playsets,
shopping,Pumpkin Patches,pumpkinpatches,
shopping,Rugs,rugs,1
shopping,Sheds & Outdoor Storage,shedsandoutdoorstorage,
shopping,Tableware,tableware,1
shopping,Horse Equipment Shops,horsequipment,
shopping,Jewelry,jewelry,1
shopping,Kiosk,kiosk,
shopping,Knitting Supplies,knittingsupplies,
shopping,Livestock Feed & Supply,livestocksupply,
shopping,Luggage,luggage,
shopping,Market Stalls,marketstalls,
shopping,Medical Supplies,medicalsupplies,
shopping,Military Surplus,militarysurplus,
shopping,Mobile Phone Accessories,cellphoneaccessories,
shopping,Mobile Phones,mobilephones,
shopping,Motorcycle Gear,motorcyclinggear,
shopping,Musical Instruments & Teachers,musicalinstrumentsandteachers,
shopping,Office Equipment,officeequipment,
shopping,Outlet Stores,outlet_stores,
shopping,Packing Supplies,packingsupplies,
shopping,Pawn Shops,pawn,1
shopping,Perfume,perfume,1
shopping,Personal Shopping,personal_shopping,1
shopping,Photography Stores & Services,photographystores,1
shopping,Pool & Billiards,poolbilliards,
shopping,Pop-up Shops,popupshops,
shopping,Props,props,
shopping,Public Markets,publicmarkets,
shopping,Religious Items,religiousitems,
shopping,Safe Stores,safestores,
shopping,Safety Equipment,safetyequipment,
shopping,Scandinavian Design,scandinaviandesign,
shopping,Shopping Centers,shoppingcenters,
shopping,Shopping Passages,shoppingpassages,
shopping,Souvenir Shops,souvenirs,1
shopping,Spiritual Shop,spiritual_shop,
shopping,Sporting Goods,sportgoods,
shopping,Bikes,bikes,1
shopping,Dive Shops,diveshops,
shopping,Golf Equipment,golfequipment,1
shopping,Hockey Equipment,hockeyequipment,1
shopping,Hunting & Fishing Supplies,huntingfishingsupplies,1
shopping,Outdoor Gear,outdoorgear,1
shopping,Skate Shops,skateshops,1
shopping,Ski & Snowboard Shops,skishops,1
shopping,Sports Wear,sportswear,1
shopping,Dance Wear,dancewear,1
shopping,Tabletop Games,tabletopgames,
shopping,Teacher Supplies,teachersupplies,
shopping,Thrift Stores,thrift_stores,1
shopping,Tickets,tickets,
shopping,Tobacco Shops,tobaccoshops,1
shopping,Toy Stores,toys,1
shopping,Trophy Shops,trophyshops,
shopping,Uniforms,uniforms,1
shopping,Used Bookstore,usedbooks,1
shopping,Vape Shops,vapeshops,1
shopping,Vitamins & Supplements,vitaminssupplements,1
shopping,Watches,watches,1
shopping,Wholesale Stores,wholesale_stores,1
shopping,Wigs,wigs,1